{
  "Apple": {
    "precision": 0.7647058823529411,
    "recall": 0.6190476190476191,
    "f1-score": 0.6842105263157895,
    "support": 21.0
  },
  "Banana": {
    "precision": 0.5483870967741935,
    "recall": 0.8095238095238095,
    "f1-score": 0.6538461538461539,
    "support": 21.0
  },
  "Biscuit": {
    "precision": 0.6666666666666666,
    "recall": 0.7,
    "f1-score": 0.6829268292682927,
    "support": 20.0
  },
  "Crisp": {
    "precision": 0.8260869565217391,
    "recall": 0.9047619047619048,
    "f1-score": 0.8636363636363636,
    "support": 21.0
  },
  "Haribo": {
    "precision": 0.38461538461538464,
    "recall": 0.2777777777777778,
    "f1-score": 0.3225806451612903,
    "support": 18.0
  },
  "Nectarine": {
    "precision": 0.6428571428571429,
    "recall": 0.47368421052631576,
    "f1-score": 0.5454545454545454,
    "support": 19.0
  },
  "No_Food": {
    "precision": 0.9545454545454546,
    "recall": 1.0,
    "f1-score": 0.9767441860465116,
    "support": 21.0
  },
  "accuracy": 0.6950354609929078,
  "macro avg": {
    "precision": 0.683980654904789,
    "recall": 0.6835421888053467,
    "f1-score": 0.6756284642469925,
    "support": 141.0
  },
  "weighted avg": {
    "precision": 0.6910562352111834,
    "recall": 0.6950354609929078,
    "f1-score": 0.6849347970826003,
    "support": 141.0
  }
}