{
  "Apple": {
    "precision": 0.8333333333333334,
    "recall": 0.7142857142857143,
    "f1-score": 0.7692307692307693,
    "support": 21.0
  },
  "Banana": {
    "precision": 0.8947368421052632,
    "recall": 0.8095238095238095,
    "f1-score": 0.85,
    "support": 21.0
  },
  "Biscuit": {
    "precision": 0.782608695652174,
    "recall": 0.9,
    "f1-score": 0.8372093023255814,
    "support": 20.0
  },
  "Crisp": {
    "precision": 0.8695652173913043,
    "recall": 0.9523809523809523,
    "f1-score": 0.9090909090909091,
    "support": 21.0
  },
  "Haribo": {
    "precision": 0.6666666666666666,
    "recall": 0.6666666666666666,
    "f1-score": 0.6666666666666666,
    "support": 18.0
  },
  "Nectarine": {
    "precision": 0.7058823529411765,
    "recall": 0.631578947368421,
    "f1-score": 0.6666666666666666,
    "support": 19.0
  },
  "No_Food": {
    "precision": 0.9130434782608695,
    "recall": 1.0,
    "f1-score": 0.9545454545454546,
    "support": 21.0
  },
  "accuracy": 0.8156028368794326,
  "macro avg": {
    "precision": 0.809405226621541,
    "recall": 0.8106337271750805,
    "f1-score": 0.8076299669322926,
    "support": 141.0
  },
  "weighted avg": {
    "precision": 0.8141006731335603,
    "recall": 0.8156028368794326,
    "f1-score": 0.8124188830027524,
    "support": 141.0
  }
}